var,coef
rho,.31247523
bk,1.0346789
bK,-.04479159
bw,3.6679804
bt,.012068283
c,-54.851723
